<?xml version="1.0" encoding="UTF-8"?>

<!DOCTYPE hibernate-configuration PUBLIC
        "-//Hibernate/Hibernate Configuration DTD 3.0//EN"
        "http://www.hibernate.org/dtd/hibernate-configuration-3.0.dtd">

<hibernate-configuration>

    <session-factory>

        <!-- JDBC Database connection settings -->
        <property name="connection.driver_class">com.mysql.cj.jdbc.Driver</property>
        <property name="connection.url">jdbc:mysql://localhost:3306/hb_student_ncu</property>
        <property name="connection.username">root</property>
        <property name="connection.password">#081120040t</property>

        <!-- JDBC connection pool settings ... using built-in test pool -->
        <property name="connection.pool_size">10</property>

		<property name="hibernate.hbm2ddl.auto">update</property>

        <!-- Select our SQL dialect -->
        <property name="dialect">org.hibernate.dialect.MySQL8Dialect</property>

        <!-- Echo the SQL to stdout -->
        <property name="show_sql">true</property>

		<!-- Set the current session context -->
		<property name="current_session_context_class">thread</property>
		
		
		<mapping class="com.tanisha.restaurantinventory.InventoryItem" />
		<mapping class="com.tanisha.restaurantinventory.Warehouse" />
		<mapping class="com.tanisha.restaurantinventory.Supplier" />
		<mapping class="com.tanisha.restaurantinventory.Transportation" />
       
		
 
    </session-factory>

</hibernate-configuration>